Provider_ID,Name,Type,City,Contact
1,Gonzales-Cochran,Supermarket,New Jessica,-1299
2,"Nielsen, Johnson and Fuller",Grocery Store,East Sheena,+1-925-283-8901x6297
3,Miller-Black,Supermarket,Lake Jesusview,001-517-295-2206
4,"Clark, Prince and Williams",Grocery Store,Mendezmouth,556.944.8935x401
5,Coleman-Farley,Grocery Store,Valentineside,193.714.6577
6,Lawson-Walters,Grocery Store,Shannonside,144-860-6074x60544
7,Ortiz-Lee,Restaurant,Lake Christopherburgh,(563)889-7190
8,Curtis-Lewis,Supermarket,Washingtonville,+1-521-027-8120x3301
9,Nguyen Inc,Supermarket,Tinamouth,898-609-2609x844
10,"Hall, Nguyen and Martinez",Catering Service,West Cherylfort,(740)949-2480x40566
11,"Flores, Jackson and Ford",Supermarket,South Robert,276.527.4329
12,Miller Ltd,Supermarket,East Williamburgh,001-909-021-4559
13,"Parker, Flores and Jennings",Restaurant,Nicolefort,(516)626-8840
14,Nguyen-Tran,Catering Service,Garciamouth,+1-899-619-4557x62932
15,Valdez-Diaz,Grocery Store,West Theresaberg,(046)544-9977
16,Brown and Sons,Catering Service,West Vanessafort,018-471-0550x16593
17,Miller Ltd,Catering Service,West Dawn,(876)537-9861x93433
18,Edwards-Turner,Restaurant,Cassandraville,361.706.6889x42826
19,Davis Ltd,Supermarket,South Melanieshire,117-624-9394x3533
20,Drake-Martinez,Catering Service,East Samantha,001-454-212-3510x6135
21,Cross Group,Grocery Store,Port Corystad,(170)989-9040x1296
22,Miller-Carter,Catering Service,Port Lisamouth,-5657
23,Johnson Ltd,Supermarket,Bradleyborough,916.509.1396x4499
24,"Black, Collins and Richard",Supermarket,Hestermouth,266.040.9664x08185
25,Gutierrez-Palmer,Grocery Store,Anitashire,(155)292-7832x2085
26,Hansen Inc,Grocery Store,West Adammouth,464-311-2342
27,Lester Inc,Supermarket,New Natasha,001-037-031-5899x7076
28,Wright Ltd,Restaurant,Jessestad,850-175-4730
29,Andrews-Wiley,Grocery Store,Patrickmouth,+1-657-214-6013x08444
30,Rodriguez PLC,Catering Service,West Pamelaborough,(227)080-4918x858
31,Thompson-Kerr,Grocery Store,South Kellyberg,(786)641-7043
32,Lawrence PLC,Catering Service,Jameschester,+1-161-540-1127x4461
33,"Miranda, Wilcox and Short",Restaurant,Janetborough,711.136.4426
34,"Cooper, Smith and King",Grocery Store,North Garybury,+1-812-193-0704x61726
35,Nguyen-Parsons,Grocery Store,Andersonmouth,(638)668-6852
36,Powell Inc,Restaurant,Cindyshire,668-319-5716
37,Phelps-Schmidt,Catering Service,New Amanda,001-048-886-1039
38,Lawrence LLC,Supermarket,Perkinsbury,580-888-5964
39,Fernandez-Bridges,Supermarket,Brittanyville,001-714-175-0277x076
40,Robinson PLC,Restaurant,Jennifertown,925-882-9055
41,Kelly-Ware,Catering Service,Bentleyburgh,(033)969-7445x782
42,Austin-Yu,Grocery Store,East Nicholasbury,+1-392-878-0666x94428
43,"Martinez, Johnson and Torres",Supermarket,South Karen,250.919.8579
44,Torres-Perez,Supermarket,Jamesville,(264)170-0478x03197
45,"Butler, Kennedy and Cowan",Catering Service,East Deniseborough,(704)033-6760x72290
46,"Fisher, Hernandez and Webster",Grocery Store,South Lisaberg,871-801-8397x99626
47,Wong-Reese,Supermarket,East Andrewland,483-625-4097
48,Conway-Barr,Restaurant,Timothyview,+1-820-339-5162x911
49,"Miller, Braun and Graham",Supermarket,Lake Traceyburgh,001-704-201-5818x1702
50,Perez-Williams,Catering Service,West Danielborough,(305)890-2191x91055
51,Shaw Inc,Restaurant,Rebeccabury,7059011779
52,Buck-Carey,Supermarket,Port Dianaberg,+1-163-218-3619x58525
53,Wolfe and Sons,Supermarket,Lake Allen,001-187-914-3723x273
54,"Bennett, Phillips and Green",Supermarket,Lake Rachael,001-350-580-0382x854
55,Wilson-Brown,Grocery Store,Danachester,001-473-163-6196x2386
56,Morris Ltd,Catering Service,Michaelview,654-751-2531x515
57,Cook Group,Grocery Store,Port Robin,983-295-7995
58,"Martin, Tyler and Wilkerson",Grocery Store,North Kevinhaven,+1-287-799-5933x17852
59,"Warner, White and Morris",Grocery Store,Marissaville,001-947-280-2490
60,Parker-Campbell,Restaurant,Wilsonport,(006)958-8829x497
61,"Arnold, Russo and Foster",Supermarket,Lake Joelshire,(717)564-9426x4690
62,"Mitchell, Campbell and Jones",Grocery Store,Marymouth,001-356-024-1560x512
63,"Fuller, Vincent and Fernandez",Supermarket,Mcclainfurt,(268)645-8829
64,Mullen LLC,Supermarket,South Michaelhaven,001-134-811-5840x300
65,Fletcher Inc,Grocery Store,Lake Raymondton,-6960
66,Lambert-Wilson,Restaurant,Lake Michaelfurt,+1-552-690-1512x083
67,Shannon Ltd,Restaurant,Kentland,401-441-2366x8513
68,Sherman-Wolfe,Supermarket,North Elizabeth,001-797-628-1681x740
69,Williams PLC,Grocery Store,Cummingstown,001-683-268-4210x77233
70,"Cook, Stanley and Wallace",Supermarket,Lake Kyle,001-416-322-9367
71,Jones-Edwards,Restaurant,Ruizmouth,(077)105-8283
72,"Ward, Shepherd and Krause",Catering Service,Jasonstad,-6898
73,Walker-Richards,Grocery Store,West Benjamin,-9162
74,Johnston Ltd,Catering Service,Belindaville,5630753213
75,Douglas PLC,Supermarket,Rodneystad,7650701698
76,Clark-Estes,Restaurant,Port Amandamouth,001-879-812-0126x19146
77,Golden-Phillips,Catering Service,New Rhonda,113.900.7657
78,Frazier LLC,Restaurant,North Susan,5883270069
79,Holmes Inc,Restaurant,West Danieltown,935-374-2399x9900
80,Miller-Moore,Grocery Store,Lake Dennischester,427-783-4717x76277
81,Harris Ltd,Grocery Store,North Michelle,508-454-9947x38541
82,Carey-Richardson,Supermarket,West Lauraborough,468.906.0755x92529
83,Owens-Williams,Grocery Store,West Julianburgh,(719)090-0487x482
84,Atkins Group,Restaurant,Marthaside,+1-318-669-6985x63710
85,Larson Ltd,Catering Service,Christopherstad,370.601.0512x89954
86,Murphy-Boyd,Catering Service,New Michelle,387-962-7399x435
87,"Young, Townsend and Mccarthy",Grocery Store,West Adam,001-286-579-2810x1913
88,"Oliver, Williams and Rich",Restaurant,Salastown,+1-509-255-9684x4064
89,Stewart-Page,Restaurant,New Richard,(816)752-7440x258
90,Miller Group,Supermarket,Lake Kristentown,001-311-806-0098x37361
91,Rivera LLC,Supermarket,North Ronaldburgh,(812)838-6129x912
92,Cruz-Day,Catering Service,East Melissa,266.982.5975
93,"Davis, Vaughan and Shepherd",Supermarket,New Daniel,(147)151-2023x6618
94,"Cuevas, Smith and Rowe",Grocery Store,Brennanstad,(286)671-0956
95,Orr Inc,Supermarket,Christinaland,-10371
96,"Pierce, Walsh and Rogers",Grocery Store,Deborahland,+1-065-024-5251x529
97,King-Snyder,Supermarket,Reyesshire,+1-494-177-0520x17816
98,Hogan-Johnston,Supermarket,Gardnerfort,184-472-6932
99,Walsh-Day,Supermarket,South Louis,(385)387-5081
100,Greene-Garcia,Catering Service,Mooreview,155.846.6299
101,Chambers-Waters,Restaurant,East Angelafort,001-230-322-3448x38934
102,"Hester, Bowers and Carpenter",Grocery Store,West Samantha,+1-699-911-5500x712
103,Russell-Summers,Catering Service,Port Michaelshire,314-232-3936x08469
104,Jackson LLC,Catering Service,Lake Theresa,001-488-905-7389
105,Carr-Schaefer,Restaurant,Davidchester,156-951-3996x201
106,Moreno Group,Catering Service,Lopezmouth,431.153.2913x530
107,"Pollard, Tyler and Davis",Restaurant,West Lauraborough,7599766878
108,Williams-Cox,Supermarket,East Austin,082.114.2329
109,"Powell, Norton and James",Catering Service,North Carmen,(816)856-0766x22957
110,Figueroa-Soto,Grocery Store,South Kellyville,(599)442-0494
111,Ball-Church,Supermarket,South Davidside,(352)764-4709
112,"Webb, Graves and Harrison",Restaurant,East Courtneymouth,935.714.9134x34359
113,"Anderson, Nicholson and Bruce",Catering Service,East Elizabethberg,+1-274-720-0033x1795
114,Barnett-Graves,Restaurant,Lake Katherinechester,(409)027-9923x1761
115,Wells-Davis,Grocery Store,Floresville,322.221.0619x89960
116,Mcdaniel-Morales,Grocery Store,Moseshaven,001-702-836-3122
117,"Morales, Wood and Cox",Restaurant,Amberton,468.025.0721x72227
118,Evans-Harrison,Supermarket,Lake Joseph,066.832.7189x65581
119,Yates-Mills,Restaurant,Port Kathleen,(954)085-0479
120,Burns-Davis,Restaurant,New Lisa,+1-749-554-2482x64065
121,Glover Inc,Grocery Store,South Kelly,(769)689-5964x20301
122,Mosley-Hernandez,Catering Service,Tyronebury,+1-477-159-2443x576
123,Stephens-Stephens,Grocery Store,East Meganfort,+1-970-818-8098x124
124,"Allen, Zimmerman and Harrington",Supermarket,Lake Shelby,832-646-1114x86947
125,Brown-Grimes,Supermarket,Lake April,492-029-0285x3479
126,"Jackson, Gonzalez and Smith",Supermarket,New Rodneyville,(590)652-0264x4365
127,Vasquez LLC,Restaurant,Jasonland,731.947.3123
128,Martinez-Downs,Catering Service,Port Mariefort,+1-736-853-1037x942
129,Hicks Ltd,Restaurant,Port Emily,510.799.8149x819
130,Nelson-Tran,Catering Service,New Daniel,-4499
131,"Spencer, Martin and Romero",Restaurant,Scottton,333.579.4749x45469
132,Walker-Knox,Catering Service,Huntermouth,+1-787-557-7905x551
133,Baker LLC,Catering Service,South Michaelberg,423-570-5106
134,Cook Ltd,Supermarket,West Melissa,(340)959-7188x4581
135,Dyer Group,Catering Service,East Candace,906.900.1026
136,"Gordon, Davis and Gonzalez",Grocery Store,Lamberttown,001-549-717-7006x7763
137,Pena and Sons,Supermarket,East Alexisberg,351-759-9512
138,"Jones, Rojas and Brown",Grocery Store,North Sherrimouth,490.519.3490x03679
139,Johnson-Ray,Supermarket,Port Connie,294.692.7978x3473
140,Zhang LLC,Restaurant,Watsonstad,001-943-679-8869x4358
141,Rodriguez PLC,Grocery Store,Port Manuel,001-338-962-9433x726
142,"Myers, Kelley and Riley",Catering Service,Mitchellmouth,001-912-865-5943x9580
143,"Luna, Padilla and Torres",Grocery Store,Samuelville,7363126794
144,"Johnson, Harris and White",Catering Service,Bellport,293-470-3464x6698
145,Rice-Woods,Grocery Store,Kayleefort,+1-180-785-3704x622
146,Hampton-Lee,Supermarket,Jonathanhaven,663-119-2623x961
147,Nguyen-Shaffer,Catering Service,West Trevorview,040.258.9118
148,"Perry, Cabrera and Owens",Grocery Store,Annahaven,626-321-0040x18014
149,Lee LLC,Grocery Store,North Amber,010-809-0806x17359
150,"Powers, Clark and Snyder",Grocery Store,North Jamesberg,531-341-5220x02539
151,Butler-Newman,Restaurant,Anthonyshire,+1-832-258-6208x585
152,Rogers-Shaw,Catering Service,South Jacobport,001-522-305-5977x0080
153,Wu LLC,Restaurant,Hawkinsmouth,350.191.5139x454
154,Smith-Turner,Supermarket,New John,001-084-709-0706x311
155,Bennett-Parker,Supermarket,Charlesview,(773)966-1784
156,Johnson-Thompson,Catering Service,West Carolyn,239.163.9415
157,"Rodriguez, Walker and Singleton",Restaurant,Bairdfort,998.166.5324
158,Shepherd Group,Catering Service,North Crystal,001-796-831-6588
159,"Wagner, Cole and Thompson",Grocery Store,North Brooke,+1-555-595-6288x290
160,"Baker, Warren and Kirk",Supermarket,Port Loganberg,001-687-777-6746x1515
161,Campbell LLC,Supermarket,Perezport,001-211-446-3315x74760
162,"Moore, Perez and Young",Restaurant,Penabury,345.405.3372x9178
163,Jackson-Bishop,Restaurant,Annetteburgh,5846608591
164,Yu-Rodriguez,Grocery Store,Sylviabury,017.590.2372
165,Silva Group,Grocery Store,Copelandchester,57248175
166,"King, Smith and Mullen",Grocery Store,Lake Donaldmouth,497-136-9598x5778
167,Thompson-Turner,Catering Service,Davidport,897-925-4252
168,"Miller, Williams and Lewis",Catering Service,Wardton,565.035.8798x7950
169,Hines-Green,Grocery Store,Lindseyland,(054)626-5986x842
170,"Peters, Chase and Davis",Catering Service,North Brentbury,+1-813-008-8889x184
171,"Jones, Delgado and Marquez",Catering Service,Williammouth,(186)605-0066
172,"Parker, Macdonald and Espinoza",Grocery Store,Garciaside,776-066-7306x648
173,Greene Group,Supermarket,Myerschester,552-231-5655x057
174,"Gillespie, Foster and Boyd",Grocery Store,North Carolfurt,001-862-502-0221x7258
175,Olson Ltd,Catering Service,Katherinefurt,-1667
176,Allen-Mccullough,Restaurant,East John,8921994982
177,Turner-Ramirez,Supermarket,South Nicholasville,679.699.5497
178,Mcbride-Rogers,Catering Service,Scottchester,820.665.7265x01138
179,"Lucas, Bush and Miller",Supermarket,North Michelle,3334774489
180,"Deleon, Guzman and Porter",Grocery Store,South Jeffrey,-8377
181,"Black, Montgomery and Hernandez",Restaurant,Taylormouth,001-763-656-6801x10211
182,Wilson-Ortiz,Grocery Store,Port Jeffrey,(345)889-2010
183,Elliott-Stephens,Grocery Store,South Anne,(416)071-3611x991
184,Norris-Townsend,Grocery Store,Velazquezview,(630)461-1996x59800
185,"Horn, Johnson and Moore",Restaurant,Shirleyland,596.993.2969x47891
186,Garner PLC,Grocery Store,Evansmouth,(112)902-8389
187,"Collins, Williams and Fernandez",Catering Service,Port Robert,001-950-129-4358x2246
188,Brown Ltd,Catering Service,Courtneychester,9776174564
189,Blackwell Ltd,Supermarket,Brianside,(604)057-1444x583
190,Elliott-Mcguire,Grocery Store,Barkerborough,409-311-5468
191,Grant-Davis,Grocery Store,Lake Jessicamouth,+1-672-949-7621x738
192,"Hunter, Ballard and Caldwell",Catering Service,Leslieville,001-594-592-2116x9925
193,"Chung, Morris and Craig",Restaurant,North Lisaland,001-981-892-0136x674
194,Lambert-Gonzalez,Restaurant,Lake Josephton,001-150-754-9757x0704
195,Williams-Strong,Supermarket,Justinhaven,935.536.1144
196,Owens-Taylor,Restaurant,Bartonborough,+1-977-169-9906x1607
197,Dodson and Sons,Restaurant,New David,642-655-6122x732
198,Bowman LLC,Restaurant,Port Karen,(890)877-4218x852
199,"Clark, Evans and Navarro",Catering Service,Christinamouth,+1-260-408-7633x914
200,Turner-Woods,Supermarket,Bradleyport,+1-498-827-6905x7873
201,Ramirez LLC,Catering Service,Sandrastad,001-916-437-4521x821
202,Graham-Peters,Supermarket,Vazquezshire,+1-491-368-1719x38393
203,Bass-Sellers,Grocery Store,Port Christina,689-429-9060x47456
204,Lyons Inc,Supermarket,Lake Lauraton,127.959.5462x8745
205,Thompson Group,Grocery Store,Carlbury,858-115-6375x26624
206,Yoder-Murray,Catering Service,Port Emilyburgh,001-593-330-4216x5945
207,"Walters, Jackson and Webster",Grocery Store,North Ronaldmouth,505-482-7536x693
208,"Miller, Johnson and Fernandez",Restaurant,East Garyton,985.790.0081x8718
209,"Hubbard, Clark and Hicks",Catering Service,South Cassandra,272-502-0028
210,Jones-Miller,Grocery Store,Paulmouth,028-684-5516x43547
211,"Anderson, Patrick and Scott",Restaurant,Lake James,-6513
212,"Dennis, Parker and Sanchez",Supermarket,Port Markview,921-065-5873x078
213,"Anderson, Robinson and Phillips",Grocery Store,Andersonville,7809531647
214,Kelley PLC,Catering Service,Jamesview,942.961.3748x773
215,Simmons Ltd,Grocery Store,New Curtis,(219)975-7084
216,"Potter, Brown and Torres",Supermarket,Tylerburgh,231-909-9113x65369
217,Williams Ltd,Supermarket,Mooremouth,4174921015
218,Aguilar and Sons,Catering Service,Lake Chloeshire,(793)316-0706
219,Rivera-Nelson,Supermarket,East Stephanie,+1-335-588-5454x314
220,Robinson and Sons,Supermarket,West Stephaniemouth,+1-900-879-1636x908
221,Richardson Group,Supermarket,Walterborough,(924)099-7995
222,"Tran, Douglas and Harvey",Catering Service,Stephanieberg,(015)911-4687x4992
223,Hodges and Sons,Restaurant,Longland,504.107.9130
224,Hughes-Jackson,Restaurant,East Lindsayville,998-292-0906
225,Stevens-Rogers,Grocery Store,West Kenneth,+1-708-348-4200x729
226,Hart PLC,Grocery Store,South Thomas,647.576.5079x307
227,Morse-Hoffman,Grocery Store,Derekport,(440)514-8820x3017
228,Stewart-Soto,Supermarket,Andrewsmouth,(828)634-0022x45412
229,Thompson Ltd,Restaurant,Gonzalesport,+1-570-095-8264x37944
230,Phelps-Robbins,Grocery Store,North Melanie,5648556923
231,Jackson-Robinson,Supermarket,North Tom,001-341-741-8533
232,"Snyder, Caldwell and Campbell",Supermarket,Muellermouth,001-204-401-6159x495
233,Jones-Wu,Restaurant,South Morganfurt,744-909-5102x39344
234,Sherman-Baker,Catering Service,New Joel,301.017.1427
235,Gutierrez LLC,Catering Service,Gutierrezshire,+1-544-924-8841x926
236,"Singleton, Andrews and Bell",Grocery Store,Jeffreyburgh,(773)180-8829
237,"White, Crawford and Pearson",Supermarket,Frederickside,958.016.7653x7393
238,Decker Group,Grocery Store,North Julieburgh,+1-152-318-5664x8137
239,"Simpson, Thomas and Smith",Grocery Store,South Bradleyburgh,001-117-114-7043
240,Marshall Ltd,Catering Service,Andreaborough,+1-314-339-0357x53136
241,"Harper, Blake and Alexander",Catering Service,Devinmouth,(144)381-3923
242,Aguilar-Frederick,Restaurant,Michaelport,-8356
243,Davis-Hurley,Catering Service,West Catherine,(172)389-0239x87614
244,Chan-Elliott,Supermarket,Toddberg,021-322-3933x46620
245,Williams and Sons,Restaurant,Lake Heather,+1-279-007-2137x9870
246,Robinson Group,Grocery Store,East Stephanieview,195-943-0311x0414
247,Shepherd-Yates,Catering Service,Port Aaron,477-819-1257x990
248,"Oliver, Cross and Gilbert",Restaurant,South Michellechester,001-607-614-4871x9620
249,"Davis, Sanchez and Hernandez",Catering Service,Johnsonside,452.214.9646x15610
250,Lewis-Peters,Grocery Store,South Jasmineville,864.412.4651x28059
251,Carter-Jones,Restaurant,East Terrancemouth,892-412-5796
252,Blair LLC,Grocery Store,Phillipsfort,(213)522-3298x866
253,Gonzales-Keith,Catering Service,Sharonton,986-491-7149x656
254,Huber Group,Restaurant,Reidland,001-841-494-8011x4394
255,"Chapman, Barrett and Lopez",Supermarket,Crystalborough,158-680-9083x1158
256,Hayes Ltd,Grocery Store,North Nicoleport,001-907-009-4281x18158
257,James Group,Supermarket,Lake Coryhaven,001-385-215-0963x215
258,Gonzales-Moore,Restaurant,Lake Anthonyport,495-926-2302x026
259,"Lewis, Pierce and Wilson",Restaurant,North Briannabury,001-076-665-0771x26410
260,Rice-Dawson,Grocery Store,New Samuel,(937)981-7733x90321
261,"Lopez, Davis and Duncan",Grocery Store,South Richardhaven,424-107-9020
262,Bradford-Martinez,Supermarket,New Carol,199.451.0254
263,"Lutz, Smith and Martin",Grocery Store,Chambersfort,+1-643-647-0236x085
264,Holland and Sons,Catering Service,New Richard,184-401-2586x9344
265,Simmons-Mcdaniel,Catering Service,New Douglas,175-617-1876
266,Thomas-Carpenter,Grocery Store,Port Ronaldshire,021.908.0322x164
267,Sherman-Garza,Catering Service,Port Kevinburgh,(357)159-0029x4117
268,"White, Hutchinson and Williams",Grocery Store,Nolanmouth,655.056.4788x798
269,Jackson and Sons,Restaurant,East Caseyfort,001-749-533-8145x88455
270,Harrison-Wilson,Catering Service,Cunninghambury,269.475.2515
271,"Barrera, Jenkins and Boyd",Restaurant,New Jeremyberg,(912)706-8422x13941
272,"Holland, Parks and Scott",Supermarket,Lake Christinaborough,+1-260-583-9227x932
273,Hammond LLC,Supermarket,New Carol,001-324-482-4894
274,Shields-Moore,Supermarket,New Dawnborough,9332911651
275,"Floyd, Jones and Alvarado",Supermarket,Brittanyport,106.317.0700x02344
276,Hodge-Leblanc,Supermarket,Port Eric,3692481031
277,Ramos and Sons,Catering Service,West Aliciabury,5918690343
278,Edwards-Ryan,Restaurant,Beasleyhaven,2659382103
279,"Greene, Wood and Hernandez",Restaurant,Garciaport,238.551.4657
280,"Peck, George and Klein",Supermarket,Coopermouth,7482492553
281,Davis Inc,Grocery Store,Lake Nicolebury,432-172-5411x1981
282,"Baker, Gardner and Callahan",Supermarket,Port Gregton,520-919-5240
283,Russell-Graham,Supermarket,Andrewstad,197-361-9121x02684
284,Cruz Inc,Supermarket,North Julieburgh,242.471.4335
285,Sanchez-Fisher,Restaurant,West Corey,971.803.6233x098
286,Watson-West,Restaurant,Williamschester,-9486
287,Carr-Wells,Catering Service,Jefferyside,(535)017-9013x9281
288,Carlson-Mathis,Supermarket,Maynardstad,518.257.3189x434
289,Jenkins-Carpenter,Supermarket,Toddstad,1448122181
290,"Webb, Phillips and Garcia",Supermarket,Bradleyport,001-401-943-3400
291,Bass-Gay,Grocery Store,West Margaretfort,064.805.9663
292,Lopez-Duffy,Supermarket,Mooneybury,048.373.4973x79978
293,Ibarra and Sons,Catering Service,Joneshaven,855-385-3050x223
294,Fitzgerald Group,Grocery Store,South Kendra,048-163-0381x7780
295,"Patterson, Harris and Kelly",Restaurant,Meghanfurt,8457019148
296,Martin PLC,Grocery Store,Port Linda,001-672-728-8347x500
297,Butler-Cook,Grocery Store,Markberg,+1-209-476-5112x24812
298,"Mills, Osborne and Dickson",Restaurant,New Steven,1800451358
299,Riley PLC,Supermarket,Robertton,643-573-2130
300,Clarke-Farley,Supermarket,Lake Michaelview,(953)723-2621x740
301,"Smith, Glover and Mcintyre",Supermarket,East Laurashire,(502)012-9123x94085
302,Robertson PLC,Grocery Store,South Tammy,100-131-6521
303,Wright Ltd,Catering Service,Tammystad,062.226.1859x3237
304,Douglas-Colon,Catering Service,Port Marcland,439.020.2351
305,"Wolfe, Garner and Jones",Grocery Store,Fullerborough,(373)758-7748x038
306,"Evans, Wright and Mitchell",Catering Service,North Keith,001-726-568-9224
307,Gonzalez-Parrish,Catering Service,Heathborough,164.336.2362x38847
308,Doyle LLC,Catering Service,Brittanyside,312154595
309,"Bell, Davis and Hickman",Catering Service,Ambertown,+1-754-517-2435x37063
310,"Sullivan, Thornton and Peterson",Grocery Store,Saraburgh,(688)116-5399
311,Fleming Ltd,Grocery Store,West Amanda,(646)465-3368x3676
312,Garcia-Hunter,Restaurant,North Ianbury,150-729-4411
313,Maldonado-Davis,Supermarket,Boylechester,9538261424
314,Wright-Mcclure,Restaurant,Rodriguezfurt,+1-982-494-3609x2407
315,Nelson LLC,Restaurant,Lake Andrewmouth,+1-859-029-3911x34890
316,Johnson Group,Supermarket,Williamsfort,(007)484-4365x34610
317,"Parker, Jordan and Thompson",Grocery Store,South Brandiberg,+1-616-367-6583x630
318,Briggs-Stewart,Catering Service,Martinezfort,(398)927-0621
319,"Davila, Green and Avila",Restaurant,Lake Amymouth,2386104312
320,Shah Group,Supermarket,Lake Jeffreytown,953-840-3880
321,Williams-Boyle,Restaurant,North Edwinchester,633-782-3532x46627
322,Mayo PLC,Catering Service,Mckinneymouth,646-258-2814
323,Peters-Johnson,Restaurant,Jasmineberg,106.150.3989x9566
324,Roberts Group,Grocery Store,East Elizabeth,043-467-7558x957
325,Allen and Sons,Supermarket,West Tammy,370-552-5469x768
326,"Bender, Jordan and Bennett",Supermarket,Lake Alicia,001-194-509-7599x83421
327,"Miller, Conner and Clark",Restaurant,Villaborough,+1-075-795-2419x75821
328,"Walker, Brennan and Townsend",Grocery Store,Port Rubenville,(194)900-2168
329,Davidson Group,Restaurant,Port Lauraville,-8804
330,Holloway-Koch,Restaurant,Jamesport,323.974.7052
331,"Edwards, Johnson and Cross",Catering Service,South Jeffreyburgh,869-227-8515x888
332,Cox LLC,Restaurant,West Whitneymouth,001-018-140-2068x875
333,"Herrera, Fritz and Banks",Restaurant,Port Heidiland,(057)146-9859x95415
334,Cox-Mcintyre,Grocery Store,South Jillshire,(422)450-8076
335,"Newman, Pearson and Mccarthy",Grocery Store,North Gary,905.549.7068
336,Mckinney LLC,Supermarket,East Sandra,(338)059-6636x909
337,Hogan-Oliver,Restaurant,New Ricky,001-484-018-9255x90683
338,Ibarra LLC,Catering Service,Adambury,6703380260
339,Palmer and Sons,Restaurant,South Thomas,-4949
340,"Barry, Powers and White",Grocery Store,Murrayborough,(023)817-1166
341,Jenkins-Carrillo,Grocery Store,Lake Ryanbury,025.332.6781x596
342,Smith Inc,Catering Service,Matthewbury,-5420
343,"Harris, Perez and Willis",Catering Service,South Christopherborough,581-281-6112
344,"Mcmillan, Gallegos and Perry",Catering Service,North Nicholas,247-797-3341x5155
345,Mitchell-Watson,Catering Service,North Tracy,001-366-677-9015
346,"Phillips, Wolfe and Martin",Grocery Store,Thomasville,001-548-413-4962
347,"Hood, Hoffman and Wright",Supermarket,Louismouth,992.697.3906x31622
348,May and Sons,Restaurant,West Ashleytown,214.577.9133
349,"Walker, Wong and Norris",Supermarket,Valenzuelaville,(955)670-0410
350,"Scott, Johnson and Villa",Restaurant,Port Dustin,001-144-195-6495x72650
351,Berry-Mack,Grocery Store,South Stefanietown,(769)872-1659
352,Strickland LLC,Grocery Store,Lake Kyle,(872)958-7902
353,Rose-Pearson,Grocery Store,North Aaron,735.520.0971x89331
354,Rowe-Arias,Catering Service,South Alicia,090-649-4737
355,Bowman LLC,Restaurant,Port Patrick,039-263-2786x611
356,Espinoza PLC,Supermarket,West Michael,(410)539-3296
357,Carey PLC,Supermarket,Donnaborough,001-734-038-0600x959
358,Cole-Ochoa,Restaurant,South Crystalberg,001-392-997-5127x129
359,"Gonzalez, Tapia and Stewart",Catering Service,North Ashley,206-007-4668
360,Clay LLC,Catering Service,Butlerview,004.834.6521x6955
361,Fleming Group,Supermarket,East Lauren,218.201.2221
362,Snyder-Gordon,Grocery Store,Anthonychester,134-622-9488
363,Henry-Terry,Catering Service,East Brittanyland,(205)168-6653
364,Reid Ltd,Grocery Store,Lake Ethanview,-4386
365,"Bray, Nguyen and Christensen",Restaurant,West Robert,589.913.5215x7984
366,Harrell-Hanson,Restaurant,Devinton,4957265323
367,Patel and Sons,Grocery Store,Deckermouth,+1-731-068-2964x54440
368,Smith-Villegas,Grocery Store,North Lindseychester,001-467-901-7553
369,"Weeks, Wood and Sharp",Catering Service,Brownton,(200)440-3875
370,Cox-Richmond,Supermarket,Williamsland,-9920
371,"Montgomery, Dominguez and Hopkins",Grocery Store,Solisburgh,575.394.8230x121
372,Elliott-Jones,Restaurant,Lewisberg,690.272.6499
373,Avila Group,Grocery Store,Aprilberg,001-835-594-3012x252
374,"Pollard, Yoder and Martin",Grocery Store,Steeleport,731-612-0267x787
375,Anderson-Stevens,Supermarket,New Ryanbury,160-803-0342x27712
376,Wilkins-Boyle,Catering Service,Lake Sarah,352-462-9637x24350
377,Cooper-Gill,Catering Service,West Omar,+1-161-221-8545x570
378,Foster Ltd,Supermarket,South Johnshire,7045041352
379,Payne-Pena,Supermarket,Millerstad,(370)216-0851
380,Nelson PLC,Restaurant,Lake Christophermouth,(302)042-7352
381,"Cruz, Lee and Fernandez",Supermarket,Martinville,973-312-0803
382,"Bruce, Lewis and Anderson",Restaurant,Ritterburgh,-7360
383,Hines-Rangel,Supermarket,Barryside,2330894330
384,Rogers-Warren,Grocery Store,Jamesfurt,001-439-195-6960
385,Fitzpatrick and Sons,Catering Service,New Tammyland,+1-011-366-8942x777
386,Miranda Ltd,Grocery Store,Wheelermouth,490-189-7305x43330
387,Barrera-Ward,Grocery Store,West Juliabury,958.242.0037
388,Rivera Ltd,Supermarket,Manuelhaven,-7062
389,Hunt-Lee,Grocery Store,Davidborough,001-681-802-0601x91223
390,"Case, Anderson and Morris",Catering Service,Taylorfort,732-582-4147x6156
391,Lambert Ltd,Supermarket,South Jerryside,351.542.5864x527
392,Williams PLC,Restaurant,Lake Jefferyborough,544.339.0699x37985
393,Steele Ltd,Restaurant,Heatherview,001-300-000-8103x26863
394,Davis PLC,Catering Service,Port Glendastad,001-336-175-1470x894
395,Andrade Inc,Grocery Store,West Erinport,4816317562
396,Chase-Gross,Catering Service,Heatherside,(041)493-1650
397,Alexander PLC,Catering Service,Arnoldmouth,347-730-0183x269
398,Brown LLC,Supermarket,Jasminechester,(155)397-5919x994
399,"Torres, Marshall and Williams",Grocery Store,North Alison,001-504-903-6137
400,Leach-Alvarado,Restaurant,Collinston,793-471-7134x359
401,Perez-Howe,Restaurant,Randallville,001-947-698-1631x56761
402,Butler-Anderson,Grocery Store,West Christopher,593.024.1356
403,Bradley-Smith,Grocery Store,Jeremiahfort,840-107-5994
404,Schmidt Ltd,Restaurant,Brownchester,3466470514
405,"Mills, Smith and Martin",Supermarket,Kevinfort,(202)949-6624
406,"Hernandez, Rodriguez and Tanner",Restaurant,Davisshire,464-623-1310
407,Douglas and Sons,Restaurant,North Charlesside,(883)611-4618x987
408,Thompson-Ortiz,Supermarket,Riceshire,5027424022
409,Ayala LLC,Grocery Store,East Roberthaven,714.879.6195x1367
410,Byrd-Mitchell,Catering Service,Thomasfurt,454.722.9408
411,Hernandez-Todd,Catering Service,East Darrell,280-061-2048
412,Farmer-Gilbert,Grocery Store,Robertland,(375)215-6908
413,"Davis, Bowen and Miller",Catering Service,North Mike,9207424674
414,Gonzales Group,Supermarket,New Matthew,+1-790-667-8198x9396
415,Thomas and Sons,Supermarket,Christopherchester,397863480
416,Cohen LLC,Supermarket,East Anthony,505-968-5997x50685
417,"Glover, Wilson and Hudson",Restaurant,East Ashleyshire,(315)080-3138
418,"Schwartz, Odonnell and Padilla",Restaurant,Deborahfurt,955-658-8107x92494
419,"Hanson, Wilkerson and Lee",Supermarket,Port Peter,759.535.5451
420,Snyder Ltd,Catering Service,Anthonyton,805-601-1161x98115
421,Glass Inc,Supermarket,Kylehaven,297.322.1309x74402
422,Wilson-Cook,Catering Service,Smithfort,276-435-4585x5485
423,Serrano-Lopez,Restaurant,South Justinborough,(225)688-7752x0658
424,Hart Ltd,Grocery Store,Richton,001-990-952-7428x406
425,Rose-Tucker,Restaurant,Lake Alexis,(986)020-7916x11966
426,Cook-Rodriguez,Catering Service,Taylorchester,718-514-8646x3588
427,Porter-Clark,Grocery Store,East Amymouth,(857)416-7459
428,"Castillo, Nichols and Miller",Restaurant,Alexanderstad,084-323-1485
429,"Olson, Johnson and Figueroa",Grocery Store,Lake Benjamin,001-990-205-7079x72906
430,"Peterson, Davis and Serrano",Catering Service,West Thomas,4838442985
431,Barry-Bell,Grocery Store,West Jeffreyland,+1-188-325-8079x554
432,Meyer and Sons,Restaurant,Carolchester,001-738-662-6338
433,Morris and Sons,Grocery Store,Anthonyfort,4451031863
434,Kennedy-Johnston,Restaurant,Nicoletown,(669)695-7079x59486
435,"Davies, Salas and Clark",Restaurant,Port Leahfurt,779-969-0977
436,Brown and Sons,Restaurant,North Christina,200.655.1498x63749
437,Carlson-Gray,Catering Service,Lake Michaelchester,001-917-927-6401x030
438,Ortega Inc,Catering Service,Contrerasberg,399-519-7057x713
439,"Porter, Sanchez and Fisher",Restaurant,Bradleyview,130.001.1415
440,Martinez-Graham,Grocery Store,Elliottberg,001-974-692-9262x419
441,Flores-Pope,Supermarket,Chadview,001-318-564-6161x5712
442,Bell Inc,Catering Service,South Sarahville,703-343-4632
443,"Strickland, Sims and Gray",Restaurant,New Crystal,311-338-5086
444,"King, Schneider and Banks",Restaurant,New Billy,+1-965-260-6135x55791
445,Waller-Nguyen,Grocery Store,Danaville,150.181.0420
446,Nichols-Barnes,Catering Service,Port Richardshire,507-731-3315
447,Smith Group,Supermarket,Lake Lindsay,(876)479-0500
448,Barton Group,Restaurant,North Paulstad,(382)167-2183x377
449,"Roberts, Griffith and Clark",Catering Service,Robertsonfort,001-103-215-0810x47791
450,Gibson and Sons,Catering Service,Grahamside,(804)688-7617
451,Hale Ltd,Grocery Store,Morganside,6627988559
452,"Roberson, Marquez and Mcdowell",Supermarket,New Erica,001-664-180-0480x4998
453,Moore LLC,Grocery Store,East Timothy,(305)756-5998x6969
454,"Cruz, Branch and Pierce",Grocery Store,South Lisabury,000.621.1526
455,Rios Group,Catering Service,Madisonfort,003-727-0894x163
456,Simmons PLC,Grocery Store,North Katelyn,(272)507-6150
457,Smith-Rodriguez,Restaurant,South Linda,-6968
458,Smith Inc,Grocery Store,New Robertland,(260)635-1016
459,Brown Ltd,Supermarket,Castilloport,164.699.6716
460,"Gutierrez, Anthony and Shannon",Grocery Store,Lake Justin,2924416283
461,Murray Inc,Restaurant,New Hannah,291.605.6162
462,Sanders-Hutchinson,Restaurant,Port Lauriechester,001-460-802-8118x0406
463,Carey-Ramos,Grocery Store,East Edwinburgh,178-837-6236x9304
464,Barber Ltd,Catering Service,Port Jacob,001-045-508-9337x308
465,Terry Inc,Restaurant,Johnton,280-723-4101x315
466,Huerta PLC,Restaurant,Lake Brendaland,001-914-311-6419
467,"Wilson, Watkins and Moore",Catering Service,Phillipsfort,782.944.0904
468,Alexander-Mendoza,Supermarket,East Johnburgh,596.249.3643x159
469,"Sanchez, Mendez and Hill",Supermarket,Port Pamelaport,+1-371-882-7467x781
470,"Bishop, Martinez and Robinson",Restaurant,Port Daniellechester,001-071-886-3052x2779
471,"Allen, Ramsey and Cortez",Grocery Store,Charlesmouth,594.468.5130
472,Roach-Wheeler,Restaurant,Rebeccaburgh,001-215-175-9576x5678
473,"Fields, Bell and Ferguson",Supermarket,Ashleyton,431-737-8806x5808
474,Gonzalez Inc,Catering Service,South Nicole,679-305-8392
475,Henderson Group,Catering Service,Bentonfurt,854-929-8365
476,Leon and Sons,Catering Service,Port Jerome,+1-210-177-5545x47003
477,Alvarado LLC,Supermarket,East Jacobchester,5915828492
478,"Lopez, Roach and Roach",Catering Service,Lake Regina,001-785-448-3246x762
479,Lopez-Gonzalez,Restaurant,Hamiltontown,(563)896-5959
480,Brooks-Mccarty,Catering Service,East Kevin,(297)995-3926
481,"Madden, Burke and Norris",Restaurant,Owenschester,+1-237-950-6012x5247
482,Turner-Bell,Restaurant,Suzanneport,001-145-904-7946
483,Bates-Johnson,Catering Service,Millerview,001-721-708-9864x7257
484,Nelson-White,Restaurant,North Douglasfurt,001-558-380-9342x873
485,Baker-Mcdonald,Restaurant,East Andrea,933.503.6294x194
486,"Murray, Fisher and Johnson",Grocery Store,Bridgetside,099-729-5682x02308
487,Frazier Inc,Supermarket,West Peterborough,001-577-052-9311x74815
488,Cordova-Hernandez,Restaurant,Stewartfurt,001-379-599-8238
489,Kelley-Brown,Catering Service,Port Erinton,405.865.9814
490,"Johnston, Shelton and Sellers",Restaurant,Christianfurt,001-716-089-5283x110
491,Wilkerson-Woods,Supermarket,Samanthabury,3597678978
492,Alexander Inc,Restaurant,North Stephanieville,001-571-446-5989x8076
493,Curtis Ltd,Supermarket,New Robert,126.286.0156
494,"Anderson, Adams and Roberts",Supermarket,New Denise,+1-941-120-2190x554
495,"Barker, Gibbs and Lopez",Supermarket,Brownshire,8977010648
496,Young-Jackson,Catering Service,West Daniel,011.721.1555x539
497,Sparks-Berry,Catering Service,Chelseyfort,867.938.9153x710
498,"Jones, Ortega and Rubio",Grocery Store,East Craig,(993)551-7736x1457
499,Blankenship-Lewis,Catering Service,Jonathanstad,651-552-2403
500,Harris Group,Catering Service,Levytown,001-077-563-1726x39015
501,Davis-Kennedy,Grocery Store,Jordanhaven,598-048-5675
502,Mcdaniel-Bates,Supermarket,Liberg,(398)855-7507x166
503,Abbott-Robinson,Restaurant,Joseville,449-700-6900x46176
504,Small Ltd,Catering Service,Gaineschester,1943075475
505,"Sutton, Day and Brooks",Restaurant,Chelseaside,-8571
506,Davis-Glenn,Catering Service,Tylerton,519-068-6168
507,Rojas-Cook,Grocery Store,Lake Diane,+1-019-312-8887x18286
508,"Goodwin, Acosta and Chan",Restaurant,Walkerfurt,001-076-856-9568x65782
509,Roth-Mathews,Grocery Store,Cordovaborough,(032)688-9162
510,Lozano-Miller,Restaurant,Adamsview,001-281-026-8022
511,Mitchell PLC,Grocery Store,Port Davidshire,001-534-826-6584
512,Taylor-Lyons,Grocery Store,Port Timothystad,001-846-553-1363
513,"Cruz, Murphy and Santos",Catering Service,West Larry,001-070-676-6757
514,Roy-Hancock,Supermarket,Maxwellburgh,(186)046-9157
515,"Bowers, Gonzalez and Simmons",Restaurant,Snyderton,+1-401-191-5365x80259
516,"Raymond, Kelly and Yates",Catering Service,New Aaronberg,(590)421-4384
517,Porter Inc,Grocery Store,Wadeville,888.141.3309x17466
518,"Hill, Davis and Stewart",Grocery Store,Anneville,+1-608-953-5542x841
519,"Smith, James and Alvarado",Restaurant,Keithburgh,4873246566
520,"Jackson, Miller and Porter",Catering Service,Port Andre,257-230-5531
521,Kim LLC,Grocery Store,Deanport,247.423.7138x621
522,"Davis, Maldonado and Palmer",Grocery Store,Torresfort,861.571.1349x26120
523,"Roberts, Howard and Bender",Restaurant,Lake Lorrainefort,+1-414-385-0073x51267
524,Torres Ltd,Grocery Store,West Amandafurt,(283)833-1998
525,Phillips Inc,Supermarket,Lake Carlos,(182)626-5112
526,"Harrington, Jimenez and Carr",Supermarket,South Tylerstad,154-764-8062
527,"Moran, Mcmillan and Jones",Supermarket,Bonillahaven,001-261-466-0296x4350
528,Baird PLC,Supermarket,Markport,001-930-122-6265x199
529,"Macdonald, Hale and Garcia",Grocery Store,Dannybury,-11198
530,"Spencer, Eaton and Young",Catering Service,Johnstonhaven,808.707.2502x64682
531,Miller Ltd,Catering Service,North Kylestad,(648)470-0469x880
532,Johnson-Green,Grocery Store,Darrylchester,001-090-513-0319x965
533,"Daniel, Schroeder and Morse",Catering Service,Rogersmouth,+1-753-153-8390x0816
534,Elliott LLC,Restaurant,South Kayla,4896850451
535,Hill PLC,Grocery Store,Valdezborough,+1-157-982-5008x743
536,Johnson-Farley,Restaurant,South Donald,(969)280-5722
537,Jones Group,Restaurant,Callahanside,(104)313-7701x468
538,Beck Inc,Restaurant,Jasonmouth,963-484-4775x327
539,Smith-Thomas,Restaurant,Watsonton,962.444.4824x7142
540,Randall-Wagner,Catering Service,Henrychester,427.635.9668x1254
541,Lewis-Deleon,Catering Service,West Karen,399-298-6885x917
542,"Pitts, Johnson and Humphrey",Supermarket,New Johnfurt,001-818-934-0059x74196
543,Nelson Inc,Catering Service,East Jennifer,(590)329-6474x36645
544,"Johnson, Wheeler and Fischer",Catering Service,Richardton,824.788.6573x954
545,Williams-Flores,Restaurant,Kellyberg,001-136-581-9633x2801
546,"Gardner, Garcia and Valenzuela",Restaurant,New Wendymouth,818-660-2603x90477
547,"Walter, Gonzales and Potter",Restaurant,Batesstad,2616749124
548,"House, James and Miller",Supermarket,Lisamouth,070-175-5725
549,"Doyle, Clark and Campbell",Catering Service,East Deborah,205.237.3375
550,"Phelps, Graham and Hayes",Catering Service,Timothychester,(512)814-0594x96653
551,"Holland, Caldwell and Oliver",Restaurant,East Sandratown,(670)960-9465
552,"Schwartz, Holland and Mccarthy",Catering Service,Pearsonchester,001-486-894-6733x80522
553,"Schultz, Gross and Morrow",Supermarket,North Marthaton,291-421-3869
554,Jackson Ltd,Restaurant,Brandyberg,920-705-5617x44135
555,"Valencia, Floyd and Jordan",Grocery Store,South Brenda,864.386.4484x7247
556,"Reyes, Houston and Esparza",Catering Service,Brittanyland,7525269578
557,Smith PLC,Restaurant,East Aaron,911-068-2655x53558
558,Beck Group,Catering Service,North Sharonberg,-1540
559,"Young, Moran and Morris",Catering Service,New Baileyfort,+1-750-812-7169x04781
560,Cunningham-Wyatt,Supermarket,East Donnafort,+1-699-003-9200x964
561,"Smith, Walker and Jackson",Supermarket,Kennedychester,868.068.0443
562,Perez-Green,Supermarket,Lake Lauren,+1-328-140-9873x0223
563,Daniels-Kim,Grocery Store,East Angela,787.621.3654x1971
564,"Bates, Owen and Wade",Restaurant,Jenniferview,+1-368-625-0736x9988
565,Blair-Randolph,Supermarket,Steventown,(741)725-2742x04495
566,Cole-Stein,Catering Service,New Rachel,(322)115-7175x12748
567,Clark-Taylor,Catering Service,Jonathanstad,3857327137
568,"Smith, Wilson and Johnston",Supermarket,Ericfort,(553)986-1219x532
569,Booker Ltd,Grocery Store,South Russelltown,001-391-794-1009x585
570,"Jones, Calderon and Finley",Supermarket,Lake Vanessa,001-277-343-9322x828
571,Rosales-Stevens,Restaurant,Baldwinshire,4438358279
572,Shaw Group,Supermarket,Lake Cathy,+1-168-522-2184x289
573,Nelson Ltd,Supermarket,New Thomasmouth,(337)139-2882x85414
574,Gonzales LLC,Supermarket,New Larry,054-195-4248x7901
575,Martinez and Sons,Catering Service,Johnport,5200035934
576,Townsend Inc,Catering Service,East Emilyburgh,001-820-820-2213x469
577,Taylor-Matthews,Catering Service,Lake Donna,864-725-3991x8612
578,Vega Ltd,Catering Service,Port Carrie,829-056-6503x5701
579,Young-Bennett,Catering Service,Meyersland,001-345-350-3885
580,Mitchell-Hunt,Restaurant,Richardfort,036-179-5013x18052
581,Smith-Wilkins,Grocery Store,West Phillip,(577)557-7490x4585
582,Wilkerson and Sons,Grocery Store,West Dannyland,337.240.9406
583,Martin-Wright,Catering Service,Marcstad,(870)723-3756x318
584,Sanders-Hale,Supermarket,Moralesside,+1-625-938-4941x95891
585,Warren Group,Grocery Store,Port Donnaton,756-246-6838x5142
586,Wilson PLC,Supermarket,Jonesport,-706
587,"Davis, Cruz and Schaefer",Restaurant,Lake George,4142908031
588,"Collins, Oconnor and Blake",Grocery Store,Vazquezland,001-491-899-7575x46954
589,"Boyd, Padilla and Simpson",Restaurant,Morganhaven,694-875-6150
590,Adams-Young,Grocery Store,Richchester,-6949
591,Miller Inc,Grocery Store,New Leslieport,954-049-4239
592,Chan PLC,Restaurant,North Brendaborough,001-777-423-2427x587
593,"Spencer, Gibson and Arias",Grocery Store,Tammyside,525.724.0172x690
594,Phillips-Moore,Grocery Store,Lake Monique,583-316-8147
595,Knox and Sons,Grocery Store,Port Matthew,967.217.8511x139
596,"Barnes, Castro and Curtis",Restaurant,Zimmermanville,507.577.7566
597,Brown LLC,Supermarket,Karentown,2169420064
598,Barron-Casey,Restaurant,South Sarastad,001-624-296-3440x099
599,Gomez LLC,Restaurant,Carlborough,087-853-4529x913
600,Green LLC,Catering Service,Meganshire,659-948-4636
601,Owens-Johnson,Catering Service,Port Troychester,(051)220-5307x61376
602,Cole LLC,Grocery Store,North Destiny,001-078-379-8075x2377
603,Waters-Bass,Restaurant,West Stephen,708.632.3778x183
604,Cook Inc,Supermarket,New Lisa,+1-439-023-8330x00528
605,Maddox PLC,Catering Service,West Tylerberg,841228942
606,"Freeman, Decker and Johnson",Grocery Store,North Nathan,290-849-5446x412
607,"Mclean, Lopez and Stephens",Supermarket,Shawnborough,357.864.2606x99209
608,Love-Montgomery,Grocery Store,Collinsmouth,164-269-8070
609,Torres-Dunlap,Restaurant,South Christopherborough,057.342.1300x473
610,"Kelly, Cummings and Ward",Supermarket,Allenton,795.078.7850
611,Williams-Manning,Supermarket,Port Kendraborough,001-050-248-0430x1092
612,"Dickerson, Mason and Lyons",Grocery Store,Kimberlychester,(339)492-9049x5615
613,Cross and Sons,Grocery Store,Petersonburgh,2499148837
614,"Morris, Mcpherson and Edwards",Supermarket,Robertshire,526.766.1952x181
615,Smith LLC,Grocery Store,New Josemouth,1288966674
616,Moore-Flowers,Restaurant,Clarkberg,(256)326-8681x6129
617,Willis-Luna,Restaurant,East Jennifer,001-178-628-5939
618,Gross and Sons,Restaurant,Murphyberg,001-199-056-3101x42375
619,"Hopkins, Mora and Green",Grocery Store,North Katelynland,001-965-519-2456x24569
620,Jenkins-Hughes,Restaurant,New Jason,295-810-0522x881
621,Chan Group,Supermarket,Sarahland,+1-119-104-8140x852
622,"Chang, Estrada and Peters",Catering Service,East Annshire,8503009206
623,Williams Inc,Supermarket,Latoyaberg,(031)347-8261
624,"Mendez, Jones and Montgomery",Grocery Store,New Kevintown,4804280968
625,Whitney-Fields,Grocery Store,East Lisa,399-479-4880x0272
626,Trevino Ltd,Supermarket,Heathermouth,022.305.4697x8681
627,"Carson, Hernandez and Sherman",Restaurant,Nathanielbury,174-998-7187x9074
628,"Hunter, Bell and Griffin",Catering Service,Port Jillian,(208)474-0382x28468
629,Nelson and Sons,Grocery Store,East Joseph,001-606-385-9319x781
630,Mathews-Harrison,Catering Service,West Matthew,278.410.3369x739
631,"Mueller, Savage and Hudson",Supermarket,North Kevinhaven,(995)505-1664
632,"Oliver, Ross and Johnson",Supermarket,Davidville,001-179-898-4092
633,"Andrade, Gross and Wallace",Grocery Store,Fisherstad,001-127-426-5890x378
634,Morgan-Blackwell,Supermarket,Colemanton,(254)215-9233
635,Ingram PLC,Catering Service,South Jeffery,363-940-3078x14194
636,Carroll-Stanley,Grocery Store,West Omarside,849.339.1687x68179
637,Rodriguez LLC,Grocery Store,East Williamshire,001-157-833-7008x08964
638,Patterson Inc,Restaurant,Jeffreyport,019.231.7207
639,Chandler-Roberts,Supermarket,Richardsonhaven,(671)036-0993x233
640,"Cook, Jackson and Griffith",Grocery Store,West Tinamouth,496.170.0536x12668
641,Burns-Smith,Supermarket,Tammyside,-939
642,Woodward-Jensen,Catering Service,Lesterstad,432-670-6542x60306
643,Dixon LLC,Supermarket,North Ebony,+1-283-422-5540x00555
644,Walsh-Jones,Restaurant,Sandersshire,327-092-6148
645,"Herrera, Clark and Brown",Catering Service,Durhamchester,840-466-6667x82987
646,Yates-Avery,Restaurant,Scotthaven,410.531.7418
647,Hayes Inc,Restaurant,West Kara,423-402-5949x4533
648,Sanchez-Cummings,Restaurant,Lake Xavierburgh,280-986-1102x593
649,Brown and Sons,Restaurant,Lake Benjamin,001-124-313-6789x492
650,Pugh Group,Restaurant,Garzaville,+1-089-261-9866x15160
651,Robinson and Sons,Supermarket,North Lisamouth,+1-199-421-8051x664
652,Sullivan-Golden,Catering Service,Port John,101.936.1050x09281
653,"Perry, Perez and Carter",Catering Service,Cameronside,085.588.5857
654,"Hunt, Lee and Winters",Supermarket,Derekland,-4809
655,Smith Group,Restaurant,Jimmyberg,694.134.6616x8811
656,Henry PLC,Restaurant,South Tiffanyfort,104.576.7855x2145
657,Carpenter-Wright,Supermarket,Davidland,001-482-381-7341x4903
658,Collins Inc,Catering Service,North Ravenfurt,+1-871-495-2866x10181
659,Callahan-Olsen,Restaurant,East Lori,479-524-3396x53216
660,Little-Novak,Catering Service,Michellechester,827.194.9818x2685
661,Rowe PLC,Grocery Store,Lake Donaldchester,+1-845-011-4333x510
662,"Morris, Mcintyre and Austin",Supermarket,Port Lesliebury,001-095-950-5858
663,Davis-Lutz,Supermarket,New Joshuamouth,(598)537-6895x39918
664,Caldwell PLC,Catering Service,Jeffreyshire,+1-608-327-2565x3004
665,Ortega-Webb,Catering Service,West Billborough,001-646-036-9173x42885
666,Hopkins and Sons,Supermarket,Lake Lisa,(258)062-6080x783
667,"Bailey, Burke and Green",Supermarket,Estradafort,(190)730-8257
668,"Williams, Simpson and Waters",Grocery Store,Salinasville,9364930023
669,Fox Inc,Supermarket,New Heidi,623-439-6993
670,West-Reilly,Supermarket,Lake Jaclyn,573.885.9975x59706
671,Sanders and Sons,Grocery Store,North Catherine,+1-308-986-2848x196
672,"Ferguson, Henderson and Watson",Catering Service,North Mariahchester,351-379-8297x4923
673,Reynolds Group,Restaurant,New Connorfort,-2698
674,Reid-Johnson,Restaurant,Anthonyhaven,071-461-6662x422
675,Stevens-Lopez,Grocery Store,Peterhaven,234.858.2605x778
676,Osborne LLC,Catering Service,Lake Jasmin,+1-340-436-8105x510
677,"Gonzalez, Dunn and Oconnell",Grocery Store,Williamsmouth,+1-605-449-8141x1518
678,Ruiz-Oneal,Grocery Store,Lake Travis,(569)363-0118
679,"Owens, Johnson and Anderson",Supermarket,Lake Gary,849.051.1399x70295
680,Chavez-Grimes,Grocery Store,Hillburgh,001-831-449-3638x4631
681,Todd-Jackson,Supermarket,Darrellfurt,460.659.0802
682,Clark Inc,Supermarket,Leonardborough,260.187.2522x030
683,Pratt Ltd,Grocery Store,Christinetown,001-318-035-8959x2452
684,"Davis, Hardin and Merritt",Grocery Store,Jimmymouth,864.590.0521x094
685,Scott and Sons,Supermarket,Maysside,001-085-825-1185x328
686,"Collins, Hughes and Palmer",Grocery Store,South Kellyland,001-724-756-5697x7877
687,Mcdonald-Howell,Catering Service,North James,504-183-2400x84016
688,"Chen, Walker and Fisher",Grocery Store,Pamelaburgh,001-121-682-5654x2822
689,"Rodriguez, Robinson and Conway",Catering Service,Holtmouth,835.650.9674
690,Valenzuela-Garrett,Grocery Store,Lake Cheryl,+1-552-433-1217x647
691,"Obrien, King and Robinson",Restaurant,Youngchester,+1-513-264-8229x419
692,"Rocha, Johnson and Dunlap",Supermarket,South Andrewport,-5994
693,Salazar PLC,Restaurant,Raybury,180-591-9657x697
694,Avery PLC,Supermarket,Amandashire,589.122.1214x989
695,Fox-Perez,Supermarket,Hayesville,(418)506-2217x0513
696,Bishop-Singleton,Grocery Store,Davidville,001-687-501-8347x2632
697,"Rodriguez, Thomas and Foster",Restaurant,Padillatown,564-331-0431
698,Hawkins-Novak,Grocery Store,Phillipsmouth,961.144.7736x679
699,Carr Group,Grocery Store,Jamesport,+1-334-811-0634x6842
700,Webster and Sons,Supermarket,Morriston,161.555.4218x17236
701,Pearson-Barry,Restaurant,Browntown,+1-132-394-9769x75463
702,Moreno-Melton,Supermarket,Lake Mistyton,001-098-297-7862x776
703,Pierce Group,Catering Service,Lake Jamestown,+1-843-457-7096x3283
704,Bush-Murray,Restaurant,Galvanfurt,799.618.3759x874
705,Brown-Stephens,Grocery Store,East Robert,119.114.6136x472
706,Hughes PLC,Supermarket,Sarahview,556.413.4567x3854
707,"Peterson, Lee and Moore",Supermarket,Laurietown,710-623-8778x66342
708,Cruz-Morrow,Catering Service,West Elizabethport,537-625-7293x22343
709,Barry Group,Restaurant,South Kathryn,+1-533-592-0009x5523
710,Adams-Meyer,Catering Service,Mikaylachester,+1-334-757-0819x808
711,Jenkins Group,Supermarket,Lake Larry,001-493-150-3730x13002
712,Payne Inc,Restaurant,Huberstad,001-148-921-4043x467
713,Bell-Newman,Grocery Store,Smithmouth,(239)435-1256
714,Ramos Group,Catering Service,North William,727-987-0431x177
715,Reyes-Stewart,Restaurant,South Jason,550-821-0945
716,Wright-Hogan,Catering Service,North Ryan,001-280-488-8210x18348
717,Shepherd and Sons,Catering Service,Pamelaberg,-10318
718,Livingston Inc,Restaurant,Port Victoria,-8411
719,Graham PLC,Restaurant,East Cynthia,743.262.1457x01922
720,"Page, Smith and Davis",Restaurant,Francisshire,921-470-8846x3047
721,Randolph-Bauer,Catering Service,Port Staceymouth,2885719618
722,Young-Luna,Restaurant,Linchester,001-367-389-8038x71593
723,Butler-Phillips,Supermarket,Jessicaland,+1-366-362-7376x557
724,Thompson Ltd,Catering Service,Port Juliafort,+1-901-692-0561x8582
725,"Nguyen, Chan and Brown",Grocery Store,New Evanport,747-692-4848x020
726,Hancock-Jackson,Supermarket,Shortfurt,001-769-864-0777x950
727,Rowe-Chen,Supermarket,Aguirreville,8228891240
728,Cruz and Sons,Supermarket,South Allison,(169)675-2870x74675
729,Bennett Inc,Grocery Store,Lake Nathan,+1-440-639-2296x544
730,Arroyo-Henderson,Supermarket,Benjaminstad,(313)019-6078x8326
731,Ayers-Lewis,Grocery Store,East Christophertown,001-823-662-3501x58107
732,Mendoza LLC,Supermarket,Ginaview,636.763.0459x119
733,Hall-Bailey,Catering Service,North Bethanyville,001-857-024-2547x71955
734,Patterson-Collins,Catering Service,Port Anita,+1-466-124-4012x842
735,Koch Inc,Restaurant,Westmouth,(972)427-3809x5165
736,Reed LLC,Supermarket,East Anthony,427.554.1262
737,"Ballard, Stanley and Hill",Restaurant,Port Andrea,409.995.2073x69158
738,Combs Ltd,Grocery Store,West Kelli,167.486.0883
739,Jacobs PLC,Grocery Store,Markborough,(024)341-5235x050
740,Cunningham Ltd,Catering Service,Port Marissachester,498-839-7284x63534
741,"Martin, Richardson and Snow",Catering Service,West Anthonymouth,013.181.1620
742,"Harmon, Hunt and Daniels",Catering Service,Port Jennifer,(440)486-0759
743,"Mayer, Hawkins and Day",Supermarket,South Richard,+1-206-641-2099x02965
744,"Martin, Sosa and Fleming",Restaurant,North Jenniferport,4335526313
745,"Martinez, Armstrong and Carroll",Grocery Store,East Lisa,(577)786-8133
746,Carr-Morrison,Grocery Store,Sarahside,331-309-4173
747,"Stafford, Johns and Dunn",Restaurant,Richardmouth,761-727-3251
748,Adams and Sons,Supermarket,Port Hannah,508335147
749,Ramirez Inc,Grocery Store,Lisafort,001-397-293-6050x2868
750,Barnes and Sons,Supermarket,Michaelton,(547)040-4732
751,"Bryant, Jacobson and West",Restaurant,East Richardside,001-075-347-0236x69878
752,Butler-Richardson,Grocery Store,East Heatherport,-3388
753,Lawrence-Clark,Supermarket,South Randy,122-170-5452x33780
754,Rodriguez and Sons,Restaurant,North Sharonburgh,477.309.3018x208
755,Jackson-Good,Restaurant,Port Rebekah,5402653116
756,Tate-Reed,Restaurant,New William,076.799.5247x9326
757,Davis Ltd,Restaurant,Adamsville,(112)122-3591x558
758,Todd Group,Catering Service,Port Patrick,236.722.8623
759,"Martin, Cohen and Haynes",Restaurant,South Joshua,001-677-604-8538x89487
760,Frederick LLC,Supermarket,Yatesside,784.860.0232x137
761,"Abbott, Brooks and Moreno",Catering Service,New Zachary,(605)444-5107
762,Simmons Group,Restaurant,West Lucasville,002.503.5955x077
763,Manning Ltd,Restaurant,Josephburgh,187-286-3552
764,"Villegas, Chen and Campos",Restaurant,New Travisshire,(619)661-4594x325
765,Wong-Wilson,Grocery Store,South Douglashaven,693-832-6017x426
766,Parker Group,Catering Service,Jonathanmouth,197.775.7862x84876
767,"Conner, Martinez and Ward",Restaurant,Codyview,177-150-2468x49541
768,"Davis, Hughes and Leblanc",Restaurant,South Danielle,450-388-2214
769,Andrews Inc,Catering Service,Carrport,001-257-656-9260x6347
770,Schneider-Suarez,Supermarket,East Melissa,001-597-658-2544x8112
771,"Martinez, Davis and Simmons",Grocery Store,West Christopher,(024)268-9864x8442
772,Hester-Vaughn,Supermarket,Leonfort,440-252-5984
773,Wilson and Sons,Grocery Store,Port Julia,705.277.5779
774,Thompson and Sons,Catering Service,New Zachary,366.010.6995x8345
775,"Rhodes, Vasquez and Ayala",Restaurant,Lake Bianca,001-527-514-8462x80976
776,"Lee, Walker and Woodward",Supermarket,Williamview,001-800-825-6958
777,"Giles, Weiss and Brown",Catering Service,Wilsonview,6766883967
778,Blanchard-Parsons,Catering Service,Edwardsbury,1686096009
779,Maynard LLC,Supermarket,New Bobbytown,416.974.9320x8176
780,Lee LLC,Catering Service,North Caitlin,(125)745-1987x650
781,Lozano and Sons,Grocery Store,Raymondview,124.824.3776
782,Wheeler-Galvan,Supermarket,North Mary,851.926.1633
783,Cooper LLC,Restaurant,Port Melanie,001-120-947-8177x14998
784,"Wolfe, Hull and Richardson",Restaurant,Gibsonfort,649.210.2886x0203
785,Crane LLC,Catering Service,Lindseybury,001-004-545-5901x1754
786,Simmons-Davis,Restaurant,Basstown,532.668.4291x87339
787,"Potts, Williams and Adams",Grocery Store,Lake Charleston,076.004.8874
788,Russell and Sons,Supermarket,New Michaelmouth,(201)501-1781
789,Blair Group,Grocery Store,Lake Maria,001-134-029-8765x104
790,Phillips and Sons,Supermarket,New Willieburgh,001-493-528-0886x728
791,Aguilar Group,Grocery Store,West James,(390)257-0518x4479
792,Rogers-Maldonado,Catering Service,Mortonfort,343-728-0009x45256
793,Thomas-Flores,Grocery Store,West Brandon,567-080-9984x776
794,"Coleman, Williams and Nichols",Supermarket,Woodport,3124904832
795,Rollins-Mclaughlin,Catering Service,Brownberg,728-509-6340x7211
796,Meyers-Black,Supermarket,Drakeville,713-138-1523x7028
797,Reed-Williams,Catering Service,Derekshire,001-403-694-6449
798,Jordan LLC,Grocery Store,North Amanda,-5669
799,Estes LLC,Catering Service,Leslieville,001-429-296-5587x7891
800,"Hughes, Fuller and Sanchez",Catering Service,East Amyfurt,(040)473-0155
801,Black Group,Catering Service,North Joseph,001-996-238-7255x85073
802,Williams Inc,Catering Service,North Katherineshire,(134)266-7104x2168
803,Frank and Sons,Supermarket,Petersonside,945-001-1935x424
804,Jackson Ltd,Restaurant,North Ashley,+1-871-214-5204x667
805,Cowan-Peterson,Restaurant,Reynoldsbury,001-103-848-7464x001
806,Stone LLC,Supermarket,West Samuelfurt,450-595-9061
807,"Stewart, Rocha and Torres",Supermarket,Williamland,+1-138-470-9169x439
808,Hill-Russell,Grocery Store,New Carol,075.630.9218
809,"Baker, Valencia and Smith",Restaurant,Amandaborough,(397)967-0645
810,"Austin, Griffin and Ward",Catering Service,Lake Jason,(877)527-5031
811,Hall-Barnett,Grocery Store,East Emily,+1-416-150-5940x8255
812,Stone Inc,Grocery Store,Leville,468-754-9363
813,Payne Ltd,Supermarket,East Michael,+1-499-883-9440x24317
814,"Scott, Lopez and Baldwin",Grocery Store,Allenborough,001-590-644-2836
815,Brown-Butler,Grocery Store,Ashleyhaven,(509)390-1118
816,Dunlap Inc,Supermarket,New Jamesburgh,909-720-0844
817,Mullins Ltd,Restaurant,Walterton,-3974
818,"Murphy, Harris and Quinn",Restaurant,Port Brett,(080)535-3645
819,Wallace and Sons,Restaurant,Robertschester,(277)528-2339
820,Sanchez Group,Supermarket,New Emily,(797)145-6559x37937
821,Peck-Norris,Supermarket,Jordanberg,447-812-4442
822,"Thomas, Brock and Ali",Grocery Store,Lake Kelly,5020875543
823,Murphy Ltd,Restaurant,South Andrew,-7980
824,Howard-Williams,Supermarket,Lopezport,(728)156-2658x7091
825,"Smith, Lynch and Anderson",Supermarket,South Bryan,+1-560-761-6843x29675
826,"Rogers, Harmon and Gordon",Supermarket,Lake Karenfurt,(421)106-2871x5106
827,"Stewart, Cox and Tate",Grocery Store,East Kimberly,754-822-6879x75255
828,Campbell LLC,Catering Service,Torresshire,408.792.0799
829,Marshall-Huffman,Grocery Store,Mendozastad,001-320-495-1470
830,Snow PLC,Catering Service,West Charlesborough,001-656-370-9565x9479
831,Figueroa Inc,Catering Service,Lewishaven,107.592.8920
832,"Martin, Johnson and Herrera",Supermarket,North Richard,414-000-8857
833,Mcclain Ltd,Catering Service,Katherineborough,001-504-478-4608x690
834,Bruce Inc,Supermarket,Harrishaven,(258)012-0928x8067
835,Smith-Paul,Catering Service,Thorntonbury,001-222-287-5923x26280
836,Phillips PLC,Catering Service,New Ninashire,+1-041-200-9724x3812
837,Horn-House,Supermarket,South Charles,(274)596-0960x4039
838,Weaver-Walker,Grocery Store,North Biancaview,(684)214-8678x814
839,"Roth, Estrada and Vang",Grocery Store,Port Erin,(523)837-8597
840,Farmer Ltd,Restaurant,Cisnerostown,924.147.5562x1759
841,Smith Inc,Restaurant,Lake Tamara,871.082.6155x450
842,Nguyen-Vasquez,Supermarket,East Janet,330-419-6965x494
843,Carroll PLC,Catering Service,North Kennethview,810.075.7191x4578
844,Gallagher-Brown,Grocery Store,Olsenstad,9339428554
845,Golden Group,Supermarket,Parksburgh,012.853.4943x4132
846,Miller Inc,Supermarket,South Thomasville,394.144.5269x2229
847,"Pollard, Collins and Watson",Supermarket,Williamsonmouth,218.505.6857x64219
848,Fisher PLC,Supermarket,Fowlerbury,+1-823-181-5943x270
849,Brown and Sons,Supermarket,South Christopherborough,(352)481-4738
850,"Cooper, Osborn and Clark",Grocery Store,North Stevenbury,001-548-930-4392x6738
851,Miller-Clark,Supermarket,Kaitlynville,(540)858-7855
852,Jones-Burnett,Grocery Store,East Shanestad,001-718-367-8316
853,Jefferson Group,Catering Service,East Michelle,3908403570
854,Johnson LLC,Supermarket,Smithstad,195-477-4278x2975
855,"Cox, Rogers and Horne",Restaurant,Bryantton,045-288-0356
856,"Hernandez, Lee and Dodson",Grocery Store,Brewerfort,+1-563-810-9329x657
857,Holmes-Schaefer,Supermarket,Jordanborough,759-916-3267x89739
858,"Petersen, Morrison and Woods",Restaurant,Johnsonborough,-3081
859,Bradshaw Ltd,Restaurant,Frostberg,056-604-3679
860,Fields-Craig,Catering Service,North Valerie,001-120-459-4801
861,"Rogers, Robbins and Cook",Grocery Store,Lake Kendramouth,387-013-3363
862,Obrien-Carr,Grocery Store,East Tammy,096.381.4881x4011
863,Johnson-Mejia,Restaurant,Port Michael,(145)733-6977x4017
864,Mckinney-Harris,Catering Service,Cabreraberg,-2513
865,Coleman LLC,Grocery Store,New Frank,(238)095-1783
866,Jones-Patterson,Grocery Store,New Robertstad,940.354.9558
867,Simpson Group,Supermarket,Judystad,+1-774-532-9866x479
868,"West, Martinez and Warren",Grocery Store,Rodriguezview,(042)376-1212x66871
869,Manning and Sons,Restaurant,Port Hannahmouth,-7320
870,Mcgee PLC,Supermarket,New Hollyfurt,378-777-7668x60325
871,"Burke, Yates and Hicks",Supermarket,Madelinechester,868-621-1107x14787
872,Calderon-Torres,Supermarket,Ramosville,(793)661-2764
873,Parsons and Sons,Catering Service,East Sonyaport,169-470-3250x7530
874,Long-Alexander,Catering Service,Priceland,328-638-0829x010
875,Mendoza-Espinoza,Grocery Store,South William,029-780-2681x85712
876,Rosario-Porter,Grocery Store,Brookeland,867-595-3131
877,Hughes-Hart,Grocery Store,Campbellchester,+1-165-641-7606x58790
878,Richardson-Jones,Supermarket,Tracyfort,141-172-8997x285
879,Hughes Ltd,Supermarket,Lake Michael,(512)654-3742x7158
880,Johnson-Brown,Catering Service,Sheenashire,252-571-8129
881,"Hall, Taylor and Anderson",Restaurant,New Jenniferbury,001-595-456-3203
882,"Freeman, Allen and Castaneda",Supermarket,Jenniferville,(162)139-2884
883,"Lewis, Wagner and Solis",Supermarket,New Jacob,001-094-480-8706
884,Hill-Anderson,Grocery Store,Robinsonfort,-10034
885,"Spears, Anderson and Huffman",Restaurant,Lake Stephen,1906277080
886,Gentry and Sons,Restaurant,New Tiffanystad,(845)076-7276
887,Preston-Smith,Supermarket,Strongmouth,(813)326-3277x75776
888,Schmidt-Alexander,Supermarket,West Sharonview,(616)029-0456x6126
889,Bass LLC,Restaurant,Owensstad,996.149.6393x30141
890,"Simpson, Mcguire and Brown",Restaurant,Pereztown,274.464.1201x34627
891,Walter-Stevens,Supermarket,Charlesland,-3698
892,Flores-Wade,Grocery Store,Russellfurt,525-492-4716
893,"Cooper, Harvey and Jordan",Restaurant,Gomezfurt,119-434-3757
894,Fowler-Morgan,Restaurant,Cannonside,+1-427-871-1303x0408
895,Greer-Frye,Grocery Store,Padillamouth,(725)767-4070x399
896,"Marquez, Reid and Kramer",Grocery Store,Weberfurt,001-319-584-3389x9156
897,Stephens-Braun,Catering Service,Villastad,001-744-282-3182
898,Wilson Group,Restaurant,Medinatown,4943539272
899,"Jackson, Lee and Hodge",Catering Service,North Steven,001-319-954-4598x21954
900,"Campbell, Peterson and Nixon",Catering Service,West Peter,001-080-950-9405x3327
901,Galvan Ltd,Supermarket,West Melissastad,6379149942
902,Parsons Ltd,Supermarket,Port Robertport,445-558-2787x92329
903,"Galloway, Hall and Oconnell",Catering Service,Lake Kari,(558)699-9188x092
904,Smith-Morales,Grocery Store,West Miaside,481.162.2452x4959
905,Ayers LLC,Restaurant,North Kennethshire,(922)213-3651x61067
906,Wright LLC,Supermarket,West Kevin,001-515-383-6029x214
907,Sanchez PLC,Supermarket,South Marthahaven,539-966-9767x99956
908,Martinez-Young,Supermarket,East Phillipton,(448)182-4708
909,"Gibbs, Green and Krause",Restaurant,Sheilaburgh,001-228-747-8247x18530
910,Lee PLC,Restaurant,Leeburgh,346.517.7901x471
911,Alexander PLC,Restaurant,Garciatown,599-601-7460
912,Morrison LLC,Catering Service,Blaketown,776.420.3183
913,Crosby Group,Grocery Store,Erikatown,+1-307-053-5303x7456
914,Whitaker Group,Catering Service,Garciaberg,139.400.8463x7894
915,"Morton, Perry and Lopez",Grocery Store,Port Raymondburgh,(870)361-0934x3633
916,Davis and Sons,Catering Service,Patrickfort,965.266.3582
917,"Moore, Peck and Cox",Supermarket,New John,001-403-232-7921
918,Wilson-Medina,Grocery Store,East Heather,(536)020-7040x308
919,Cruz-Davis,Supermarket,Port Tanyaburgh,(126)595-1397
920,"Hudson, Spence and Perez",Restaurant,New Calebberg,2329447078
921,Oliver-Orr,Grocery Store,Lucasmouth,(291)397-0048
922,Villegas Inc,Restaurant,Lake Michael,3387210560
923,Rodriguez Inc,Supermarket,Jonestown,1383312143
924,Rosales-Dillon,Supermarket,Port Donnamouth,259.371.8249
925,White Ltd,Restaurant,East Jesse,(870)515-3806
926,Perkins Ltd,Grocery Store,North Chase,-3776
927,Clark-Miranda,Catering Service,East Benjaminland,001-517-180-8109x1808
928,Larson and Sons,Catering Service,Zimmermanton,152.836.4864
929,Allen LLC,Catering Service,Lake Richardhaven,474-088-6934
930,Cannon-Garcia,Restaurant,Kellytown,9421508200
931,Phillips-Bradley,Supermarket,South Allisonburgh,001-645-494-2603
932,"Jones, Allison and Ellison",Supermarket,New Ginaborough,(692)324-3942x4267
933,Jimenez-Ramirez,Catering Service,Anthonyborough,(406)401-4554x74878
934,Nelson and Sons,Grocery Store,Steveport,+1-114-068-7855x4731
935,Frazier-Sanders,Grocery Store,Ramseyfort,001-581-378-3772x04562
936,"Velazquez, Mitchell and Mcintyre",Supermarket,Lisaborough,533.325.7699x38436
937,Taylor Group,Restaurant,Roachhaven,(903)301-8467x005
938,Barker LLC,Restaurant,Hollyhaven,+1-530-780-2072x25507
939,Reyes and Sons,Catering Service,New Monicaside,9608634637
940,Bradley-Martin,Grocery Store,Williamsshire,+1-131-571-0529x38557
941,George Group,Catering Service,Port Allisonland,001-335-284-7048x76955
942,Miller LLC,Grocery Store,West Stephenside,(870)001-4338
943,York-Ferguson,Supermarket,Lake Devon,(122)877-3794x96948
944,Miller-Bennett,Supermarket,Campbellbury,688-080-1814x29732
945,Young-Wu,Grocery Store,Tamaraside,516-871-5874x60724
946,"Brock, Newton and Mccormick",Catering Service,Roystad,(699)849-3966x8395
947,"Melton, Olson and Foster",Catering Service,Lake Regina,+1-427-165-5121x1214
948,House-Bates,Supermarket,West Lisamouth,+1-910-582-8983x79304
949,"Jackson, Howe and Gentry",Supermarket,Lake Deborah,071-338-9174
950,Robinson-Gibson,Supermarket,South Zacharymouth,001-313-085-7612
951,"Hodge, Lee and Washington",Grocery Store,Spenceland,2321569552
952,"Harris, Mcdonald and Taylor",Grocery Store,Samueltown,-10111
953,Obrien-Zhang,Supermarket,West Abigailtown,(766)455-6356
954,Herrera LLC,Catering Service,Randallchester,8412901538
955,Williams PLC,Catering Service,Wrightville,(730)287-3289
956,"Haynes, Barnett and Wiley",Supermarket,Lake Lindsey,980.273.6877
957,Rice and Sons,Grocery Store,South Tina,001-128-988-1441x190
958,Patel Ltd,Restaurant,Lake Vanessaland,(694)214-7175
959,Stanley PLC,Grocery Store,North Victoriastad,001-428-241-5858x19231
960,"Jackson, Shelton and Mayer",Supermarket,Port Lance,+1-140-191-0616x7900
961,"Davis, Sanchez and Mendez",Restaurant,New Amanda,001-696-690-2244
962,Galloway-Henderson,Catering Service,Alexanderchester,001-867-928-0212x3211
963,Johnson PLC,Supermarket,East Bernard,(764)089-8990x152
964,Graham and Sons,Catering Service,Connieside,+1-328-744-4361x89629
965,Oconnor Ltd,Restaurant,Port Bryce,+1-484-031-6824x10667
966,"Rivers, Pena and Davies",Restaurant,Christopherside,392.087.3295
967,Miller Inc,Grocery Store,Coleburgh,+1-926-386-9945x8729
968,"Robinson, Schaefer and Foster",Restaurant,Christopherton,+1-235-607-0553x247
969,Hayden PLC,Catering Service,Port Christopher,619.534.3215
970,"Lewis, Preston and Price",Catering Service,Jeffreybury,6685913720
971,"Scott, Davis and Mcbride",Restaurant,Port Daniel,001-797-318-7062
972,"Hurst, Lee and Sims",Supermarket,Port Melissa,521-004-0816
973,Watson LLC,Supermarket,New Larry,8591148922
974,Jackson LLC,Grocery Store,Moralesberg,(589)951-5870
975,Lowe Ltd,Catering Service,East Robertton,(326)145-6491x608
976,"Robinson, Rodriguez and Reilly",Restaurant,Davisview,317.522.3773x348
977,Anderson and Sons,Restaurant,South Jessicachester,759-596-1190x656
978,Lewis-Anderson,Catering Service,Flemingport,7046259654
979,Gray PLC,Restaurant,West Hunter,209.149.0656x397
980,Baker Group,Restaurant,Port Melissa,808.838.1022x168
981,Glenn-York,Restaurant,West Stevenport,(063)458-3909x33019
982,Martinez PLC,Grocery Store,Westbury,944-129-2371x8219
983,"Munoz, Stone and Wallace",Grocery Store,Herbertbury,(041)135-3095x826
984,Gamble-Davis,Catering Service,South Edwardtown,298.868.0798x375
985,Frey PLC,Restaurant,Harrisonbury,(890)661-5455
986,"Wilson, Harris and Mayo",Supermarket,Port David,+1-875-361-7836x21117
987,"Harris, Santos and Roberts",Supermarket,South Kevinhaven,001-664-346-8788
988,"Morris, Serrano and Roberson",Grocery Store,East Laura,+1-355-010-3614x2052
989,Williams-Aguirre,Grocery Store,North Lauren,205-999-3497
990,Jones PLC,Catering Service,Lake Latasha,+1-231-061-4929x4353
991,Spencer LLC,Supermarket,Stevensborough,+1-741-041-0721x937
992,Miller-Sanders,Grocery Store,Browninghaven,648.599.6844
993,Mckinney Ltd,Restaurant,East Stephanie,225-959-2378
994,"Porter, Hernandez and Pace",Catering Service,Amyport,001-279-802-3400x771
995,Moore Group,Supermarket,Manningshire,889-093-8775x51762
996,"Vasquez, Ruiz and Flowers",Restaurant,Williamview,+1-319-378-7627x0682
997,Garza-Williams,Catering Service,East Rossside,001-924-441-3963x746
998,Novak Group,Grocery Store,Joshuastad,(903)642-1969x3300
999,Moody Ltd,Grocery Store,Stevenchester,637.300.3664x4880
1000,Jenkins-Brooks,Restaurant,Brendantown,266-324-3458x95775
